{
  "hash": "581652e3",
  "configHash": "b989969b",
  "lockfileHash": "b54fdf84",
  "browserHash": "57f8bd36",
  "optimized": {
    "@angular/common": {
      "src": "../../../../../../node_modules/@angular/common/fesm2022/common.mjs",
      "file": "@angular_common.js",
      "fileHash": "487d74b2",
      "needsInterop": false
    },
    "@angular/common/http": {
      "src": "../../../../../../node_modules/@angular/common/fesm2022/http.mjs",
      "file": "@angular_common_http.js",
      "fileHash": "531f74b2",
      "needsInterop": false
    },
    "@angular/core": {
      "src": "../../../../../../node_modules/@angular/core/fesm2022/core.mjs",
      "file": "@angular_core.js",
      "fileHash": "8ef1e78c",
      "needsInterop": false
    },
    "@angular/fire/compat": {
      "src": "../../../../../../node_modules/@angular/fire/fesm2022/angular-fire-compat.mjs",
      "file": "@angular_fire_compat.js",
      "fileHash": "3f9ef6af",
      "needsInterop": false
    },
    "@angular/fire/compat/auth": {
      "src": "../../../../../../node_modules/@angular/fire/fesm2022/angular-fire-compat-auth.mjs",
      "file": "@angular_fire_compat_auth.js",
      "fileHash": "aa69b5b1",
      "needsInterop": false
    },
    "@angular/forms": {
      "src": "../../../../../../node_modules/@angular/forms/fesm2022/forms.mjs",
      "file": "@angular_forms.js",
      "fileHash": "c96cdf3a",
      "needsInterop": false
    },
    "@angular/platform-browser": {
      "src": "../../../../../../node_modules/@angular/platform-browser/fesm2022/platform-browser.mjs",
      "file": "@angular_platform-browser.js",
      "fileHash": "1bd7ba0c",
      "needsInterop": false
    },
    "@angular/router": {
      "src": "../../../../../../node_modules/@angular/router/fesm2022/router.mjs",
      "file": "@angular_router.js",
      "fileHash": "b61d0b86",
      "needsInterop": false
    },
    "firebase/compat/app": {
      "src": "../../../../../../node_modules/firebase/compat/app/dist/esm/index.esm.js",
      "file": "firebase_compat_app.js",
      "fileHash": "870eda3b",
      "needsInterop": false
    },
    "rxjs": {
      "src": "../../../../../../node_modules/rxjs/dist/esm5/index.js",
      "file": "rxjs.js",
      "fileHash": "4add91d7",
      "needsInterop": false
    }
  },
  "chunks": {
    "index.esm-4L5OTV2Z": {
      "file": "index__esm-4L5OTV2Z.js"
    },
    "chunk-SVFGSBTD": {
      "file": "chunk-SVFGSBTD.js"
    },
    "chunk-I2E762P7": {
      "file": "chunk-I2E762P7.js"
    },
    "chunk-V2W2CMHM": {
      "file": "chunk-V2W2CMHM.js"
    },
    "chunk-NEKU525M": {
      "file": "chunk-NEKU525M.js"
    },
    "chunk-YK5SZAWJ": {
      "file": "chunk-YK5SZAWJ.js"
    },
    "chunk-Q4DSCHOF": {
      "file": "chunk-Q4DSCHOF.js"
    },
    "chunk-IMY6LQEJ": {
      "file": "chunk-IMY6LQEJ.js"
    },
    "chunk-3GEVCWPP": {
      "file": "chunk-3GEVCWPP.js"
    },
    "chunk-OPJDHPG3": {
      "file": "chunk-OPJDHPG3.js"
    },
    "chunk-IYEYSCYL": {
      "file": "chunk-IYEYSCYL.js"
    },
    "chunk-35ENWJA4": {
      "file": "chunk-35ENWJA4.js"
    }
  }
}